	product_url	image_url	product_name	product_type	product_price	product_review
0	http://www.ironmongerydirect.co.uk/product/touchpoint-bella-lever-door-handle-on-rose-door-kit-satin-chrome-720645	https://ironmongerydirect-assets.s3.amazonaws.com/product-images/400/720645.jpg?w=170&quality=80&ts=1462018	"
Touchpoint Bella Lever Door Handle on Rose - Door Kit - Satin Chrome
"	"
Kit                        "	£10.80	(34)
1	http://www.ironmongerydirect.co.uk/product/touchpoint-bella-lever-door-handle-on-rose-kit-bathroom-lock-satin-chrome-623532	https://ironmongerydirect-assets.s3.amazonaws.com/product-images/400/623532.jpg?w=170&quality=80&ts=1462018	"
Touchpoint Bella Lever Door Handle on Rose Kit - Bathroom Lock - Satin Chrome
"	"
Kit                        "	£16.90	(11)
2	http://www.ironmongerydirect.co.uk/product/touchpoint-bella-lever-door-handle-on-rose-door-kit-polished-chrome-879513	https://ironmongerydirect-assets.s3.amazonaws.com/product-images/400/879513.jpg?w=170&quality=80&ts=1462018	"
Touchpoint Bella Lever Door Handle on Rose - Door Kit - Polished Chrome
"	"
Kit                        "	£10.80	(20)
3	http://www.ironmongerydirect.co.uk/product/touchpoint-bella-lever-door-handle-on-rose-satin-chrome-634428	https://ironmongerydirect-assets.s3.amazonaws.com/product-images/400/634428.jpg?w=170&quality=80&ts=1462018	"
Touchpoint Bella Lever Door Handle on Rose - Satin Chrome
"	"
Pair                        "	£7.50	(26)
4	http://www.ironmongerydirect.co.uk/product/aglio-beehive-mortice-knobset-59mm-antique-brass-639974	https://ironmongerydirect-assets.s3.amazonaws.com/product-images/400/639974.jpg?w=170&quality=80&ts=1462018	"
Aglio Beehive Mortice Knobset - 59mm - Antique Brass
"	"
Pair                    "	£17.50	(12)
5	http://www.ironmongerydirect.co.uk/product/touchpoint-rimini-door-handle-latch-set-polished-chrome-982847	https://ironmongerydirect-assets.s3.amazonaws.com/product-images/400/982847.jpg?w=170&quality=80&ts=1462018	"
Touchpoint Rimini Door Handle - Latch Set - Polished Chrome
"	"
Pair                        "	£6.95	(36)
6	http://www.ironmongerydirect.co.uk/product/a-spec-19mm-return-to-door-handle-316-stainless-steel-814019	https://ironmongerydirect-assets.s3.amazonaws.com/product-images/400/814019.jpg?w=170&quality=80&ts=1462018	"
A-Spec 19mm Return to Door Handle - 316 Stainless Steel
"	"
Pair                    "	£19.95	(2)
7	http://www.ironmongerydirect.co.uk/product/altro-plain-finger-plate-350x75x15mm-satin-stainless-661452	https://ironmongerydirect-assets.s3.amazonaws.com/product-images/400/661452.jpg?w=170&quality=80&ts=1462018	"
Altro Plain Finger Plate - 350 x 75 x 1.5mm - Satin Stainless
"	"
Each                    "	£5.10	(6)
8	http://www.ironmongerydirect.co.uk/product/project-bolt-fix-pull-handle-300mm-centres-satin-stainless-steel-340396	https://ironmongerydirect-assets.s3.amazonaws.com/product-images/400/340396.jpg?w=170&quality=80&ts=1462018	"
Project Bolt Fix Pull Handle - 300mm Centres - Satin Stainless Steel
"	"
Each                    "	£8.10	(0)
9	http://www.ironmongerydirect.co.uk/product/kick-plate-800x150x12mm-8-screw-holes-satin-stainless-steel-216607	https://ironmongerydirect-assets.s3.amazonaws.com/product-images/400/216607.jpg?w=170&quality=80&ts=1462018	"
Kick Plate - 800 x 150 x 1.2mm - 8 Screw Holes - Satin Stainless Steel
"	"
Each                    "	£8.90	(1)
10	http://www.ironmongerydirect.co.uk/product/altro-19mm-d-bolt-fix-pull-handle-305mm-centres-satin-stainless-steel-411536	https://ironmongerydirect-assets.s3.amazonaws.com/product-images/400/411536.jpg?w=170&quality=80&ts=1462018	"
Altro 19mm D Bolt Fix Pull Handle - 305mm Centres - Satin Stainless Steel
"	"
Each                    "	£15.10	(1)
11	http://www.ironmongerydirect.co.uk/product/touchpoint-bella-lever-door-handle-on-rose-kit-bathroom-lock-polished-chrome-328728	https://ironmongerydirect-assets.s3.amazonaws.com/product-images/400/328728.jpg?w=170&quality=80&ts=1462018	"
Touchpoint Bella Lever Door Handle on Rose Kit - Bathroom Lock - Polished Chrome
"	"
Kit                        "	£16.50	(9)
12	http://www.ironmongerydirect.co.uk/product/jedo-cut-glass-door-knob-polished-chrome-597957	https://ironmongerydirect-assets.s3.amazonaws.com/product-images/400/597957.jpg?w=170&quality=80&ts=1462018	"
Jedo Cut Glass Door Knob - Polished Chrome
"	"
Pair                    "	£19.95	(22)
13	http://www.ironmongerydirect.co.uk/product/excel-serena-lever-door-handle-on-rose-polishedsatin-chrome-599161	https://ironmongerydirect-assets.s3.amazonaws.com/product-images/400/599161.jpg?w=170&quality=80&ts=1462018	"
Excel Serena Lever Door Handle on Rose - Polished/Satin Chrome
"	"
Pair                    "	£18.50	(4)
14	http://www.ironmongerydirect.co.uk/product/altro-22mm-mitre-lever-door-handle-on-rose-satin-stainless-steel-564158	https://ironmongerydirect-assets.s3.amazonaws.com/product-images/400/564158.jpg?w=170&quality=80&ts=1462018	"
Altro 22mm Mitre Lever Door Handle on Rose - Satin Stainless Steel
"	"
Pair                    "	£12.90	(0)
15	http://www.ironmongerydirect.co.uk/product/kick-plate-900x150x12mm-8-screw-holes-satin-stainless-steel-432624	https://ironmongerydirect-assets.s3.amazonaws.com/product-images/400/432624.jpg?w=170&quality=80&ts=1462018	"
Kick Plate - 900 x 150 x 1.2mm - 8 Screw Holes - Satin Stainless Steel
"	"
Each                    "	£14.50	(1)
16	http://www.ironmongerydirect.co.uk/product/touchpoint-bella-lever-door-handle-on-rose-polished-chrome-280991	https://ironmongerydirect-assets.s3.amazonaws.com/product-images/400/280991.jpg?w=170&quality=80&ts=1462018	"
Touchpoint Bella Lever Door Handle on Rose - Polished Chrome
"	"
Pair                        "	£7.50	(24)
17	http://www.ironmongerydirect.co.uk/product/jedo-door-knob-satin-nickel-929011	https://ironmongerydirect-assets.s3.amazonaws.com/product-images/400/929011.jpg?w=170&quality=80&ts=1462018	"
Jedo Door Knob - Satin Nickel
"	"
Pair                    "	£21.50	(3)
